rowid,year,bioguide_id,Last,First,StateDst,FilingDate,DocID,pdf_url,sponsor,start_date,end_date,destination,days_own_expense,lodging,food,family,sponsor_cleaned
1,2022,O000173,Omar,Ilhan,MN05,,10053193,https://disclosures-clerk.house.gov/public_disc/financial-pdfs/2022/10053193.pdf,Government of Pakistan,2022-04-18T00:00:00Z,,"Islamabad, Pakistan",0,Y,Y,N,Pakistan
2,2022,O000173,Omar,Ilhan,MN05,,10053193,https://disclosures-clerk.house.gov/public_disc/financial-pdfs/2022/10053193.pdf,Government of Qatar,2022-11-19T00:00:00Z,,"Doha, Qatar",0,Y,Y,N,Qatar
3,2022,S001213,Steil,Bryan George,WI01,,10052991,https://disclosures-clerk.house.gov/public_disc/financial-pdfs/2022/10052991.pdf,Government of Qatar,2022-11-19T00:00:00Z,,"Doha, Qatar",0,Y,Y,N,Qatar
4,2022,S001193,Swalwell,Eric,CA14,,10051447,https://disclosures-clerk.house.gov/public_disc/financial-pdfs/2022/10051447.pdf,Embassy of Qatar,2022-01-26T00:00:00Z,,"Doha, Qatar",0,Y,Y,N,Qatar
5,2022,S001193,Swalwell,Eric,CA14,,10051447,https://disclosures-clerk.house.gov/public_disc/financial-pdfs/2022/10051447.pdf,Embassy of Qatar,2022-11-19T00:00:00Z,,"Doha, Qatar",0,Y,Y,N,Qatar
6,2022,P000613,Panetta,Jimmy,CA19,,10053418,https://disclosures-clerk.house.gov/public_disc/financial-pdfs/2022/10053418.pdf,Embassy of the State of Qatar,2022-11-23T00:00:00Z,,"Doha, Qatar",0,Y,Y,N,Qatar
7,2022,P000613,Panetta,Jimmy,CA19,,10053418,https://disclosures-clerk.house.gov/public_disc/financial-pdfs/2022/10053418.pdf,Embassy of the Republic of Kazakhstan,2022-08-27T00:00:00Z,,"Almaty, Kazakhstan",0,Y,Y,N,Kazakhstan
8,2021,B001298,Bacon,Donald John,NE02,,10046819,https://disclosures-clerk.house.gov/public_disc/financial-pdfs/2021/10046819.pdf,Uzbekistan,2021-10-03T00:00:00Z,,"Tashkent, Uzbekistan",0,Y,Y,N,Uzbekistan
9,2022,B000944,Brown,Shontel M.,OH11,,10053753,https://disclosures-clerk.house.gov/public_disc/financial-pdfs/2022/10053753.pdf,Danish Parliment,2022-08-08T00:00:00Z,,DC-Denmark-DC,0,Y,Y,N,Denmark
10,2022,C001068,Cohen,Steve,TN09,,10053950,https://disclosures-clerk.house.gov/public_disc/financial-pdfs/2022/10053950.pdf,Governments of Cambodia and Singapore,2022-08-25T00:00:00Z,,"Seoul,South Korea- Phnom Penh, Cambodia- Singapore",0,Y,Y,N,Singapore
11,2022,C001072,Carson,André,IN07,,10054306,https://disclosures-clerk.house.gov/public_disc/financial-pdfs/2022/10054306.pdf,Embassy of the State of Qatar,2022-11-19T00:00:00Z,,"Doha, Qatar",0,Y,Y,N,Qatar
12,2019,T000468,Titus,Dina,NV1,,8217445,https://disclosures-clerk.house.gov/public_disc/financial-pdfs/2019/8217445.pdf,Government of China,2019-08-18T00:00:00Z,,"Bejing, China",0,Y,Y,N,China
13,2019,S001175,Speier,Jackie,CA14,,10037806,https://disclosures-clerk.house.gov/public_disc/financial-pdfs/2019/10037806.pdf,Government of Armenia,2019-10-04T00:00:00Z,,Yerevan,0,Y,Y,N,Armenia
14,2019,V000132,Vela,Filemon,TX34,,8217526,https://disclosures-clerk.house.gov/public_disc/financial-pdfs/2019/8217526.pdf,Kingdom of Morocco,2019-06-28T00:00:00Z,,Casablanca,0,Y,Y,Y,Morocco
15,2018,B001287,Bera,Ami,CA7,,10026620,https://disclosures-clerk.house.gov/public_disc/financial-pdfs/2018/10026620.pdf,Qatar,2018-12-13T00:00:00Z,,"Doha, Qatar",0,Y,Y,N,Qatar
16,2018,B001296,Boyle,Brendan F.,PA2,,10029111,https://disclosures-clerk.house.gov/public_disc/financial-pdfs/2018/10029111.pdf,Embassy of the State of Qatar,2018-12-13T00:00:00Z,,"Doha, Qatar",0,Y,Y,N,Qatar
17,2018,C001072,Carson,André,IN7,,10026518,https://disclosures-clerk.house.gov/public_disc/financial-pdfs/2018/10026518.pdf,Embassy of the State of Qatar,2018-12-13T00:00:00Z,,"Doha, Qatar",0,Y,Y,N,Qatar
18,2018,C001097,Cárdenas,Tony,CA29,,10027136,https://disclosures-clerk.house.gov/public_disc/financial-pdfs/2018/10027136.pdf,Embassy of the State of Qatar,2018-12-14T00:00:00Z,,"Doha, Qatar",0,Y,Y,N,Qatar
19,2018,D000399,Doggett,Lloyd,TX35,,10025589,https://disclosures-clerk.house.gov/public_disc/financial-pdfs/2018/10025589.pdf,The Netherlands,2018-03-28T00:00:00Z,,Netherlands,4,Y,Y,Y,Netherlands
20,2018,D000399,Doggett,Lloyd,TX35,,10025589,https://disclosures-clerk.house.gov/public_disc/financial-pdfs/2018/10025589.pdf,Federal Republic of Germany,2018-11-16T00:00:00Z,,Germany,5,Y,Y,Y,Germany
21,2018,G000582,GONZALEZ,JENNIFFER,PR0,,10027659,https://disclosures-clerk.house.gov/public_disc/financial-pdfs/2018/10027659.pdf,State of Qatar,2019-01-23T00:00:00Z,,"Doha, Qatar",0,Y,Y,N,Qatar
22,2018,G000574,Gallego,Ruben,AZ7,,10028933,https://disclosures-clerk.house.gov/public_disc/financial-pdfs/2018/10028933.pdf,Government of the Republic of China,2018-04-28T00:00:00Z,,"Taipei, China",0,Y,Y,N,Taiwan
23,2018,H001047,Himes,James A.,CT4,,10028577,https://disclosures-clerk.house.gov/public_disc/financial-pdfs/2018/10028577.pdf,Embassy of Qatar,2018-12-13T00:00:00Z,,"Doha, Qatar",0,Y,Y,N,Qatar
24,2018,J000126,Johnson,Eddie Bernice,TX30,,10027241,https://disclosures-clerk.house.gov/public_disc/financial-pdfs/2018/10027241.pdf,Taipei Economic and Cultural Representative Office,2018-08-26T00:00:00Z,,Taipei,0,Y,Y,N,Taiwan
25,2018,K000380,Kildee,Daniel T.,MI5,,10028138,https://disclosures-clerk.house.gov/public_disc/financial-pdfs/2018/10028138.pdf,State of Qatar,2018-12-13T00:00:00Z,,"Doha, Qatar",0,Y,Y,N,Qatar
26,2018,K000381,Kilmer,Derek,WA6,,10026477,https://disclosures-clerk.house.gov/public_disc/financial-pdfs/2018/10026477.pdf,British Embassy,2019-02-16T00:00:00Z,,"London, UK",0,Y,N,Y,United Kingdom
27,2018,K000391,Krishnamoorthi,S. Raja,IL8,,10028702,https://disclosures-clerk.house.gov/public_disc/financial-pdfs/2018/10028702.pdf,Government of India,2018-04-03T00:00:00Z,,"New Delhi, India",0,Y,Y,N,India
28,2018,L000581,Lawrence,Brenda Lulenar,MI14,,10027993,https://disclosures-clerk.house.gov/public_disc/financial-pdfs/2018/10027993.pdf,Embassy of India,2018-04-02T00:00:00Z,,"New Delhi, India",0,Y,Y,N,India
29,2018,M001137,Meeks,Gregory W.,NY5,,9114991,https://disclosures-clerk.house.gov/public_disc/financial-pdfs/2018/9114991.pdf,Government of Netherlands,2018-03-23T00:00:00Z,,"Amsterdam, Netherlands",NA,Y,Y,N,Netherlands
30,2018,N000188,Norcross,Donald W.,NJ1,,10028572,https://disclosures-clerk.house.gov/public_disc/financial-pdfs/2018/10028572.pdf,State of Qatar,2018-12-13T00:00:00Z,,"Doha, Qatar",0,Y,Y,N,Qatar
31,2019,C001080,Chu,Judy,CA27,,10036528,https://disclosures-clerk.house.gov/public_disc/financial-pdfs/2019/10036528.pdf,Government of the Republic of Armenia,2019-10-04T00:00:00Z,,"Yerevan, Armenia",0,Y,Y,N,Armenia
32,2019,D000399,Doggett,Lloyd,TX35,,10035023,https://disclosures-clerk.house.gov/public_disc/financial-pdfs/2019/10035023.pdf,Federal Republic of Germany,2019-05-23T00:00:00Z,,Germany,3,Y,Y,N,Germany
33,2019,D000399,Doggett,Lloyd,TX35,,10035023,https://disclosures-clerk.house.gov/public_disc/financial-pdfs/2019/10035023.pdf,Federal Republic of Germany,2019-11-21T00:00:00Z,,Germany,5,Y,Y,N,Germany
34,2019,F000461,Flores,Bill,TX17,,8217539,https://disclosures-clerk.house.gov/public_disc/financial-pdfs/2019/8217539.pdf,Republic of China,2019-11-20T00:00:00Z,,Taiwan,0,Y,Y,N,Taiwan
35,2019,F000455,Fudge,Marcia L.,OH11,,10035487,https://disclosures-clerk.house.gov/public_disc/financial-pdfs/2019/10035487.pdf,India,2019-08-11T00:00:00Z,,Mumbai - Agra - New Delhi,0,Y,Y,N,India
36,2019,G000574,Gallego,Ruben,AZ7,,10050158,https://disclosures-clerk.house.gov/public_disc/financial-pdfs/2019/10050158.pdf,Government of Morocco,2019-06-28T00:00:00Z,,Marakesh - Rabat - Casablanca,0,Y,Y,N,Morocco
37,2019,B001298,Bacon,Donald John,NE2,,10037208,https://disclosures-clerk.house.gov/public_disc/financial-pdfs/2019/10037208.pdf,Republic of China,2019-04-12T00:00:00Z,,Taipei,0,Y,Y,N,Taiwan
38,2019,H001052,Harris,Andy,MD1,,10037408,https://disclosures-clerk.house.gov/public_disc/financial-pdfs/2019/10037408.pdf,Hungary,2019-09-03T00:00:00Z,,Budapest,0,Y,Y,N,Hungary
39,2019,H001065,Holding,George,NC2,,10037206,https://disclosures-clerk.house.gov/public_disc/financial-pdfs/2019/10037206.pdf,British Embassy,2019-07-27T00:00:00Z,,"London, UK",9,Y,Y,N,United Kingdom
40,2019,H001065,Holding,George,NC2,,10037206,https://disclosures-clerk.house.gov/public_disc/financial-pdfs/2019/10037206.pdf,Embassy of India,2019-08-12T00:00:00Z,,Mumbai - Delhi,0,Y,Y,N,India
41,2019,H001065,Holding,George,NC2,,10037206,https://disclosures-clerk.house.gov/public_disc/financial-pdfs/2019/10037206.pdf,State of Qatar,2019-12-12T00:00:00Z,,"Doha, Qatar",0,Y,Y,N,Qatar
42,2019,L000560,Larsen,Rick,WA2,,10036525,https://disclosures-clerk.house.gov/public_disc/financial-pdfs/2019/10036525.pdf,Embassy of Qatar,2019-11-29T00:00:00Z,,"Doha, Qatar",0,Y,Y,N,Qatar
43,2019,M001158,Marchant,Kenny,TX24,,8217500,https://disclosures-clerk.house.gov/public_disc/financial-pdfs/2019/8217500.pdf,Government of United Kingdom,2019-07-26T00:00:00Z,,"London, UK",2,Y,Y,N,United Kingdom
44,2019,M001158,Marchant,Kenny,TX24,,8217500,https://disclosures-clerk.house.gov/public_disc/financial-pdfs/2019/8217500.pdf,Government of Germany,2019-09-01T00:00:00Z,,Dusseldorf - Berlin,2,Y,Y,N,Germany
45,2019,M001160,Moore,Gwen,WI4,,8217453,https://disclosures-clerk.house.gov/public_disc/financial-pdfs/2019/8217453.pdf,Government of Qatar,2019-12-12T00:00:00Z,,"Doha, Qatar",0,Y,Y,N,Qatar
46,2019,P000034,Pallone,Frank,NJ6,,10036783,https://disclosures-clerk.house.gov/public_disc/financial-pdfs/2019/10036783.pdf,Government of the Republic of Armenia,2019-09-28T00:00:00Z,,"Yerevan, Armenia",0,Y,Y,N,Armenia
47,2022,F000462,Frankel,Lois,FL22,,10051923,https://disclosures-clerk.house.gov/public_disc/financial-pdfs/2022/10051923.pdf,MECA: Danish Parliament,2022-08-07T00:00:00Z,,"Copenhagen, Denmar",0,Y,Y,N,Denmark
48,2019,S000244,Sensenbrenner,F. James,WI5,,8217518,https://disclosures-clerk.house.gov/public_disc/financial-pdfs/2019/8217518.pdf,Government of India,2019-08-11T00:00:00Z,,"Bengaluru, Mumbia, and Delhi India",0,Y,Y,N,India
49,2019,R000603,Rouzer,David Cheston,NC7,,10037957,https://disclosures-clerk.house.gov/public_disc/financial-pdfs/2019/10037957.pdf,UK Government,2019-07-27T00:00:00Z,,"London, Gibraltar, Raleigh, NC",0,Y,Y,N,United Kingdom
50,2020,S001193,Swalwell,Eric,CA15,,10041327,https://disclosures-clerk.house.gov/public_disc/financial-pdfs/2020/10041327.pdf,Government of Qatar,2020-10-09T00:00:00Z,,"Doha, Qatar",0,Y,Y,N,Qatar
51,2020,M001196,Moulton,Seth,MA6,,10041287,https://disclosures-clerk.house.gov/public_disc/financial-pdfs/2020/10041287.pdf,Government of Qatar,2020-10-09T00:00:00Z,,"Doha, Qatar",0,Y,Y,N,Qatar
52,2020,H001047,Himes,James A.,CT4,,10042008,https://disclosures-clerk.house.gov/public_disc/financial-pdfs/2020/10042008.pdf,Government of Qatar,2020-10-09T00:00:00Z,,"Doha, Qatar",0,Y,Y,N,Qatar
53,2018,V000132,Vela,Filemon,TX34,,9115264,https://disclosures-clerk.house.gov/public_disc/financial-pdfs/2018/9115264.pdf,Government of Qatar,2018-11-23T00:00:00Z,,"Doha, Qatar",0,Y,Y,N,Qatar
54,2018,T000468,Titus,Dina,NV1,,9115270,https://disclosures-clerk.house.gov/public_disc/financial-pdfs/2018/9115270.pdf,Government of India,2018-04-01T00:00:00Z,,"Hyderabad,New Delhi",0,Y,Y,N,India
55,2018,S001185,Sewell,Terri A.,AL7,,10029029,https://disclosures-clerk.house.gov/public_disc/financial-pdfs/2018/10029029.pdf,Government of India,2018-03-31T00:00:00Z,,"Hyderabad,New Delhi",0,Y,Y,N,India
56,2022,M001215,Miller-Meeks,Mariannette Jane,IA01,,10054400,https://disclosures-clerk.house.gov/public_disc/financial-pdfs/2022/10054400.pdf,Consulate of Taiwan,2022-12-15T00:00:00Z,,"Taipei,Taiwan",0,Y,Y,N,Taiwan
57,2017,V000132,Vela,Filemon,TX34,,9113639,https://disclosures-clerk.house.gov/public_disc/financial-pdfs/2017/9113639.pdf,Government of Japan,2017-09-16T00:00:00Z,,"Tokyo, Japan",0,Y,Y,N,Japan
58,2017,S000244,Sensenbrenner,F. James,WI5,,9113558,https://disclosures-clerk.house.gov/public_disc/financial-pdfs/2017/9113558.pdf,UK Government,2017-08-06T00:00:00Z,,"London, UK & Gibraltar",0,Y,Y,N,United Kingdom
59,2017,S000244,Sensenbrenner,F. James,WI5,,9113558,https://disclosures-clerk.house.gov/public_disc/financial-pdfs/2017/9113558.pdf,Republic of Armenia,2017-09-16T00:00:00Z,,"Yerevan, Armenia",0,Y,Y,N,Armenia
60,2017,B001300,Barragan,Nanette,CA44,,10021573,https://disclosures-clerk.house.gov/public_disc/financial-pdfs/2017/10021573.pdf,Republic of China,2017-05-07T00:00:00Z,,"Taichung, Taiwan",0,Y,Y,N,Taiwan
61,2015,S001179,Schock,Aaron,IL18,,9107354,https://disclosures-clerk.house.gov/public_disc/financial-pdfs/2015/9107354.pdf,Government of Brazil,2015-05-10T00:00:00Z,,"Fortaleza,Brasilia, Sao Paulo",0,Y,Y,N,Brazil
62,2017,B001289,Byrne,Bradley,AL1,,9112864,https://disclosures-clerk.house.gov/public_disc/financial-pdfs/2017/9112864.pdf,Government of Singapore,2017-02-18T00:00:00Z,,Singapore,0,Y,N,N,Singapore
63,2017,C001078,Connolly,Gerald E.,VA11,,10022129,https://disclosures-clerk.house.gov/public_disc/financial-pdfs/2017/10022129.pdf,British Embassy,2017-08-06T00:00:00Z,,"London, England; Gibraltar",0,Y,Y,N,United Kingdom
64,2017,E000215,Eshoo,Anna G.,CA18,,9114764,https://disclosures-clerk.house.gov/public_disc/financial-pdfs/2017/9114764.pdf,Government of the Republic of Armenia,2017-03-17T00:00:00Z,,"Yerevan, Armenia",0,Y,Y,N,Armenia
65,2017,F000465,Ferguson,A. Drew,GA3,,10024807,https://disclosures-clerk.house.gov/public_disc/financial-pdfs/2017/10024807.pdf,Government of India,2018-04-02T00:00:00Z,,"Delhi, India",0,Y,Y,N,India
66,2017,G000571,Gabbard,Tulsi,HI2,,10025248,https://disclosures-clerk.house.gov/public_disc/financial-pdfs/2017/10025248.pdf,Republic of Armenia,2017-09-14T00:00:00Z,,"Yerevan, Armenia",6,Y,Y,N,Armenia
67,2017,G000558,Guthrie,Brett,KY2,,9112973,https://disclosures-clerk.house.gov/public_disc/financial-pdfs/2017/9112973.pdf,Government of Switzerland,2017-10-14T00:00:00Z,,"Geneva, Switzerland",0,Y,Y,N,Switzerland
68,2017,H001064,Heck,Denny,WA10,,10023401,https://disclosures-clerk.house.gov/public_disc/financial-pdfs/2017/10023401.pdf,Government of Singapore,2017-02-18T00:00:00Z,,Singapore,0,Y,Y,N,Singapore
69,2017,K000381,Kilmer,Derek,WA6,,10023911,https://disclosures-clerk.house.gov/public_disc/financial-pdfs/2017/10023911.pdf,Government of Japan,2017-09-16T00:00:00Z,,"Tokyo, Japan",0,Y,Y,N,Japan
70,2017,K000391,Krishnamoorthi,S. Raja,IL8,,10028945,https://disclosures-clerk.house.gov/public_disc/financial-pdfs/2017/10028945.pdf,Government of India,2017-07-30T00:00:00Z,,"New Delhi, India; Mumbai, India",4,Y,Y,N,India
71,2017,L000587,Lewis,Jason Mark,MN2,,10022449,https://disclosures-clerk.house.gov/public_disc/financial-pdfs/2017/10022449.pdf,Government of Switzerland,2017-10-14T00:00:00Z,,"Geneva, Switzerland",0,Y,Y,N,Switzerland
72,2017,L000579,Lowenthal,Alan S.,CA47,,10020342,https://disclosures-clerk.house.gov/public_disc/financial-pdfs/2017/10020342.pdf,Government of Switzerland,2017-10-14T00:00:00Z,,"Geneva, Switzerland - Bern, Switzerland - Zurich, Switzerland",0,Y,Y,N,Switzerland
73,2017,M001180,McKinley,David B.,WV1,,10020402,https://disclosures-clerk.house.gov/public_disc/financial-pdfs/2017/10020402.pdf,Government of Germany,2017-05-06T00:00:00Z,,"Berlin, Germany",0,Y,Y,Y,Germany
74,2017,P000034,Pallone,Frank,NJ6,,10021101,https://disclosures-clerk.house.gov/public_disc/financial-pdfs/2017/10021101.pdf,Government of the Republic of Armenia,2017-09-17T00:00:00Z,,"Yerevan, Armenia",0,Y,Y,N,Armenia
75,2016,B001287,Bera,Ami,CA07,,10016005,https://disclosures-clerk.house.gov/public_disc/financial-pdfs/2016/10016005.pdf,Government of India,2016-01-16T00:00:00Z,,"Delhi, India",0,Y,Y,N,India
76,2016,B001245,Bordallo,Madeleine Z.,GU00,,10015904,https://disclosures-clerk.house.gov/public_disc/financial-pdfs/2016/10015904.pdf,Taipei Economic and Cultural Representative Office,2016-12-10T00:00:00Z,,"Taipei, Taiwan",0,Y,Y,N,Taiwan
77,2016,C001072,Carson,Andre,IN07,,10015921,https://disclosures-clerk.house.gov/public_disc/financial-pdfs/2016/10015921.pdf,Government of Qatar,2016-06-26T00:00:00Z,,"Doha, Qatar",0,Y,Y,N,Qatar
78,2016,L000580,Lujan Grisham,Michelle,NM01,,10024798,https://disclosures-clerk.house.gov/public_disc/financial-pdfs/2016/10024798.pdf,Government of Switzerland,2016-04-04T00:00:00Z,,"Zurich, Switzerland",3,Y,Y,N,Switzerland
79,2015,P000594,Paulsen,Erik,MN03,,9109187,https://disclosures-clerk.house.gov/public_disc/financial-pdfs/2015/9109187.pdf,Government of New Zealand,2015-06-28T00:00:00Z,,"Auckland, New Zealand",0,Y,Y,N,New Zealand
80,2015,P000597,Pingree,Chellie,ME01,,10011428,https://disclosures-clerk.house.gov/public_disc/financial-pdfs/2015/10011428.pdf,Government of Germany,2015-11-07T00:00:00Z,,"Berlin, Germany",0,Y,Y,N,Germany
81,2018,S000244,Sensenbrenner,F. James,WI5,,9115235,https://disclosures-clerk.house.gov/public_disc/financial-pdfs/2018/9115235.pdf,Sri-Lanka US Parlim Exchange Pgrm.,2018-02-19T00:00:00Z,,Sri Lanka,0,Y,Y,N,Sri Lanka
82,2015,S000244,Sensenbrenner,F. James,WI05,,9109594,https://disclosures-clerk.house.gov/public_disc/financial-pdfs/2015/9109594.pdf,Konrad-Adneaur-Stiftung (MECEA),2015-10-12T00:00:00Z,,"Brussels, Berlin",0,Y,Y,N,Germany
83,2015,S000244,Sensenbrenner,F. James,WI05,,9109594,https://disclosures-clerk.house.gov/public_disc/financial-pdfs/2015/9109594.pdf,Sri-Lanka US Parlim Exchange Pgrm.,2015-11-06T00:00:00Z,,Sri Lanka,0,Y,Y,N,Sri Lanka
84,2019,R000610,Reschenthaler,Guy Mr,PA14,,10040958,https://disclosures-clerk.house.gov/public_disc/financial-pdfs/2019/10040958.pdf,Taipei Economic and Cultural Representative Office,2019-11-21T00:00:00Z,,"Taipei,Hualien,Taroko",0,Y,Y,N,Taiwan
85,2016,M000087,Maloney,Carolyn B.,NY12,,10016277,https://disclosures-clerk.house.gov/public_disc/financial-pdfs/2016/10016277.pdf,Government of Qatar,2016-05-19T00:00:00Z,,Qatar,0,Y,Y,N,Qatar
86,2022,O000086,Owens,Burgess,UT04,,10052951,https://disclosures-clerk.house.gov/public_disc/financial-pdfs/2022/10052951.pdf,Taiwan (MECEA),2022-12-15T00:00:00Z,,"Taipei, Taiwan",0,Y,Y,N,Taiwan
87,2022,L000585,LaHood,Darin McKay,IL16,,10052406,https://disclosures-clerk.house.gov/public_disc/financial-pdfs/2022/10052406.pdf,MECEA,2022-02-18T00:00:00Z,,"London, England,Wales",0,Y,Y,N,United Kingdom
88,2022,L000585,LaHood,Darin McKay,IL16,,10052406,https://disclosures-clerk.house.gov/public_disc/financial-pdfs/2022/10052406.pdf,MECEA,2022-11-19T00:00:00Z,,"Doha, Qatar",0,Y,Y,N,Qatar
89,2022,G000589,Gooden,Lance,TX05,,10054502,https://disclosures-clerk.house.gov/public_disc/financial-pdfs/2022/10054502.pdf,Embassy State of Qatar,2022-11-26T00:00:00Z,,"Doha, Qatar",2,Y,Y,N,Qatar
90,2015,P000610,Plaskett,Stacey,VI00,,10012313,https://disclosures-clerk.house.gov/public_disc/financial-pdfs/2015/10012313.pdf,Taipei Economic and Cultural Representative Office,2015-08-16T00:00:00Z,,"Tapei,Taiwan",0,Y,Y,N,Taiwan
91,2016,C001059,Costa,Jim M.,CA16,,10016268,https://disclosures-clerk.house.gov/public_disc/financial-pdfs/2016/10016268.pdf,Taipei Economic and Cultural Representative Office,2016-03-28T00:00:00Z,,"Taipei, Taiwan, Taichung, Taiwan",0,Y,Y,N,Taiwan
92,2016,C001107,Curbelo,Carlos,FL26,,10014891,https://disclosures-clerk.house.gov/public_disc/financial-pdfs/2016/10014891.pdf,MECEA Taiwan,2016-05-27T00:00:00Z,,"Taipei, Taiwan",0,Y,Y,N,Taiwan
93,2016,S001145,Schakowsky,Janice D.,IL09,,9111079,https://disclosures-clerk.house.gov/public_disc/financial-pdfs/2016/9111079.pdf,American Friends of the Czech Republic,2016-09-15T00:00:00Z,,"Prague, Czech Republic",0,Y,Y,Y,Czechia
94,2016,S001180,Schrader,Kurt,OR05,,9111080,https://disclosures-clerk.house.gov/public_disc/financial-pdfs/2016/9111080.pdf,Government of the Republic of China (MECEA),2016-03-28T00:00:00Z,,"Taipei, Taiwan",0,Y,Y,N,Taiwan
95,2019,C000059,Calvert,Ken,CA42,,10037029,https://disclosures-clerk.house.gov/public_disc/financial-pdfs/2019/10037029.pdf,British Embassy,2019-07-27T00:00:00Z,,"London, England",1,Y,Y,N,United Kingdom
96,2015,W000808,Wilson,Frederica S.,FL24,,10011687,https://disclosures-clerk.house.gov/public_disc/financial-pdfs/2015/10011687.pdf,Taipei Economic Cultural Office,2015-08-16T00:00:00Z,,"Los Angeles,Taipei, Taiwan,Washington, D.C.",0,Y,Y,N,Taiwan
97,2015,N000188,Norcross,Donald W.,NJ01,,10013758,https://disclosures-clerk.house.gov/public_disc/financial-pdfs/2015/10013758.pdf,United Arab Emirates,2016-02-20T00:00:00Z,,United Arab Emirates,0,Y,Y,N,UAE
98,2015,M000933,Moran,James P.,VA08,,10004971,https://disclosures-clerk.house.gov/public_disc/financial-pdfs/2015/10004971.pdf,Embassy of State of Qatar,2014-05-12T00:00:00Z,,"Doha, Qatar",0,Y,Y,N,Qatar
99,2015,M001158,Marchant,Kenny,TX24,,9109827,https://disclosures-clerk.house.gov/public_disc/financial-pdfs/2015/9109827.pdf,Government of the United Kingdom,2015-10-10T00:00:00Z,,London,0,Y,Y,N,United Kingdom
100,2014,V000130,Vargas,Juan,CA51,,10005743,https://disclosures-clerk.house.gov/public_disc/financial-pdfs/2014/10005743.pdf,Government of the United Kingdom,2014-01-18T00:00:00Z,,"London, England",0,Y,Y,N,United Kingdom
101,2015,L000562,Lynch,Stephen F.,MA08,,10010230,https://disclosures-clerk.house.gov/public_disc/financial-pdfs/2015/10010230.pdf,Embassy of Federal Republic of Germany,2015-11-07T00:00:00Z,,"Berlin, Germany",0,Y,Y,N,Germany
102,2015,L000580,Lujan Grisham,Michelle,NM01,,10024797,https://disclosures-clerk.house.gov/public_disc/financial-pdfs/2015/10024797.pdf,Republic of China (Tawian) Taipei Economic and Cultural Repr,2015-08-16T00:00:00Z,,Taipei,0,Y,Y,N,Taiwan
103,2014,S001185,Sewell,Terri A.,AL07,,10008909,https://disclosures-clerk.house.gov/public_disc/financial-pdfs/2014/10008909.pdf,MECEA UAE,2014-08-22T00:00:00Z,,"Abu Dabi, UAE",0,Y,Y,N,UAE
104,2014,S001185,Sewell,Terri A.,AL07,,10008909,https://disclosures-clerk.house.gov/public_disc/financial-pdfs/2014/10008909.pdf,MECEA Morocco,2013-12-28T00:00:00Z,,"Rabat, Morocco",0,Y,Y,Y,Morocco
105,2014,S000244,Sensenbrenner,F. James,WI05,,9107740,https://disclosures-clerk.house.gov/public_disc/financial-pdfs/2014/9107740.pdf,Government of Germany MECEA,2014-03-16T00:00:00Z,,"Berlin, Germany",NA,Y,Y,N,Germany
106,2016,V000130,Vargas,Juan,CA51,,10015569,https://disclosures-clerk.house.gov/public_disc/financial-pdfs/2016/10015569.pdf,Government of India,2016-01-16T00:00:00Z,,"Delhi, India",0,Y,Y,N,India
107,2016,F000462,Frankel,Lois,FL21,,10015793,https://disclosures-clerk.house.gov/public_disc/financial-pdfs/2016/10015793.pdf,MCEA British Embassy,2016-02-15T00:00:00Z,,"Gibraltar, London",0,Y,Y,N,United Kingdom
108,2016,J000294,Jeffries,Hakeem S.,NY08,,10015849,https://disclosures-clerk.house.gov/public_disc/financial-pdfs/2016/10015849.pdf,The Government of Japan,2016-03-27T00:00:00Z,,"Kyoto, Japan, Tokyo, Japan",0,Y,Y,N,Japan
109,2016,J000126,Johnson,Eddie Bernice,TX30,,10015986,https://disclosures-clerk.house.gov/public_disc/financial-pdfs/2016/10015986.pdf,Taipei Economic and Cultural Representative Office,2016-05-18T00:00:00Z,,Taipei,0,Y,Y,N,Taiwan
110,2016,J000126,Johnson,Eddie Bernice,TX30,,10015986,https://disclosures-clerk.house.gov/public_disc/financial-pdfs/2016/10015986.pdf,Taipei Economic and Cultural Representative Office,2016-11-23T00:00:00Z,,Taipei,5,Y,Y,N,Taiwan
111,2016,K000381,Kilmer,Derek,WA06,,10016010,https://disclosures-clerk.house.gov/public_disc/financial-pdfs/2016/10016010.pdf,Indian Embassy,2016-01-16T00:00:00Z,,"Delhi, Bengaluru, Mumbai",0,Y,Y,N,India
112,2015,B001287,Bera,Ami,CA07,,10012983,https://disclosures-clerk.house.gov/public_disc/financial-pdfs/2015/10012983.pdf,MECEA Republic of Korea,2015-12-19T00:00:00Z,,"Seoul, South Korea",0,Y,Y,N,South Korea
113,2015,B001292,Beyer,Donald Sternoff,VA08,,10013854,https://disclosures-clerk.house.gov/public_disc/financial-pdfs/2015/10013854.pdf,Government of the United Kingdom,2015-09-15T00:00:00Z,,"London, England",0,Y,Y,N,United Kingdom
114,2015,B001245,Bordallo,Madeleine Z.,GU00,,10010724,https://disclosures-clerk.house.gov/public_disc/financial-pdfs/2015/10010724.pdf,Taipei Economic and Cultural Representative Office,2015-10-08T00:00:00Z,,"Taipei, Taiwan",0,Y,Y,N,Taiwan
115,2015,B001251,Butterfield,G. K.,NC01,,10011456,https://disclosures-clerk.house.gov/public_disc/financial-pdfs/2015/10011456.pdf,Chinese Embassy,2015-08-10T00:00:00Z,,"Beijing, China",0,Y,Y,N,China
116,2015,D000610,Deutch,Theodore E.,FL21,,9109107,https://disclosures-clerk.house.gov/public_disc/financial-pdfs/2015/9109107.pdf,Government of United Arab Emirates (MECEA),2015-02-20T00:00:00Z,,"Abu Dabi, UAE",0,Y,Y,N,UAE
117,2015,K000381,Kilmer,Derek,WA06,,10013477,https://disclosures-clerk.house.gov/public_disc/financial-pdfs/2015/10013477.pdf,United Arab Emirates,2015-02-20T00:00:00Z,,"Abu Dabi, Dubai",0,Y,Y,N,UAE
118,2015,K000376,Kelly,Mike,PA03,,9109833,https://disclosures-clerk.house.gov/public_disc/financial-pdfs/2015/9109833.pdf,Republic of Korea (MECEA),2015-11-20T00:00:00Z,,"Seoul, Korea",0,Y,Y,N,South Korea
119,2015,F000462,Frankel,Lois,FL22,,10010146,https://disclosures-clerk.house.gov/public_disc/financial-pdfs/2015/10010146.pdf,"MECEA, Taipei Economic and Cultural Representative Office",2015-08-16T00:00:00Z,,Taipei,0,Y,Y,N,Taiwan
120,2014,R000053,Rangel,Charles B.,NY13,,10008304,https://disclosures-clerk.house.gov/public_disc/financial-pdfs/2014/10008304.pdf,Embassy of the United Arab Emirates,2014-08-22T00:00:00Z,,"Qatar,UAE(Abu Dhabi ,Dubai)",0,Y,Y,N,UAE
121,2015,G000568,Griffith,H. Morgan,VA09,,10013374,https://disclosures-clerk.house.gov/public_disc/financial-pdfs/2015/10013374.pdf,NCEA- United Kingdom,2015-10-10T00:00:00Z,,Wales,0,Y,Y,N,United Kingdom
122,2014,P000604,Payne,Donald M.,NJ10,,10006104,https://disclosures-clerk.house.gov/public_disc/financial-pdfs/2014/10006104.pdf,Government of the Arab Emirates (UAE MECEA),2014-08-22T00:00:00Z,,"Abu Dhabi, UAE, (MECEA)",0,Y,Y,N,UAE
123,2014,P000604,Payne,Donald M.,NJ10,,10006104,https://disclosures-clerk.house.gov/public_disc/financial-pdfs/2014/10006104.pdf,Government of Egypt (MECEA),2014-08-27T00:00:00Z,,"Abu Dhabi, UAE, Dubai",0,Y,Y,N,Egypt
124,2014,P000604,Payne,Donald M.,NJ10,,10006104,https://disclosures-clerk.house.gov/public_disc/financial-pdfs/2014/10006104.pdf,Government of the Republic of China Taiwan (MECEA),2014-12-12T00:00:00Z,,"Taipei,Taiwan",0,Y,Y,N,Taiwan
125,2014,B001251,Butterfield,G. K.,NC01,,10008607,https://disclosures-clerk.house.gov/public_disc/financial-pdfs/2014/10008607.pdf,Embassy of Morocco,2013-12-28T00:00:00Z,,"Rabat, Morocco",0,Y,Y,N,Morocco
126,2014,C001072,Carson,Andr√©,IN07,,10007418,https://disclosures-clerk.house.gov/public_disc/financial-pdfs/2014/10007418.pdf,Government of the Republic of China Taiwan (MECEA),2014-12-12T00:00:00Z,,"Taipei, Taiwan",0,Y,Y,N,Taiwan
127,2014,C001072,Carson,Andr√©,IN07,,10007418,https://disclosures-clerk.house.gov/public_disc/financial-pdfs/2014/10007418.pdf,Government of Egypt (MECEA),2014-08-22T00:00:00Z,,"Abu Dhabi, UAE, (MECEA)",0,Y,Y,N,Egypt
128,2014,C001067,Clarke,Yvette D.,NY09,,10008244,https://disclosures-clerk.house.gov/public_disc/financial-pdfs/2014/10008244.pdf,Taiwanese Government (MECEA),2014-12-12T00:00:00Z,,Taiwan,0,Y,Y,N,Taiwan
129,2014,C001078,Connolly,Gerald E.,VA11,,10008618,https://disclosures-clerk.house.gov/public_disc/financial-pdfs/2014/10008618.pdf,Government of the United Kingdom,2014-01-16T00:00:00Z,,"Falkland Islands, UK",0,Y,Y,N,United Kingdom
130,2014,D000600,Diaz-Balart,Mario,FL25,,10006816,https://disclosures-clerk.house.gov/public_disc/financial-pdfs/2014/10006816.pdf,Taipei Economic and Cultural Representative Office,2014-10-08T00:00:00Z,,"Taipei, Taiwan",0,Y,Y,N,Taiwan
131,2014,M001137,Meeks,Gregory W.,NY05,,9107474,https://disclosures-clerk.house.gov/public_disc/financial-pdfs/2014/9107474.pdf,Government of Morocco,2013-12-28T00:00:00Z,,"Rabat, Morocco",0,Y,Y,Y,Morocco
132,2014,M001181,Meehan,Patrick,PA07,,9107032,https://disclosures-clerk.house.gov/public_disc/financial-pdfs/2014/9107032.pdf,Government of Brazil (MECEA),2014-05-10T00:00:00Z,,Sao Paulo,0,Y,Y,N,Brazil
133,2014,M000404,McDermott,Jim,WA07,,9106976,https://disclosures-clerk.house.gov/public_disc/financial-pdfs/2014/9106976.pdf,Freidrich Ebert Foundation (MECEA),2014-03-17T00:00:00Z,,"Warsaw,Poland",1,Y,Y,N,Poland
134,2014,M001163,Matsui,Doris O.,CA06,,10006260,https://disclosures-clerk.house.gov/public_disc/financial-pdfs/2014/10006260.pdf,Government of the United Kingdom (MECEA),2014-03-15T00:00:00Z,,"London, UK, Cambridge, UK",0,Y,Y,N,United Kingdom
135,2014,M000087,Maloney,Carolyn B.,NY12,,10011910,https://disclosures-clerk.house.gov/public_disc/financial-pdfs/2014/10011910.pdf,State of Qatar,2014-05-10T00:00:00Z,,"Doha, Qatar",0,Y,Y,Y,Qatar
136,2014,M000087,Maloney,Carolyn B.,NY12,,10011910,https://disclosures-clerk.house.gov/public_disc/financial-pdfs/2014/10011910.pdf,Chinese People's Institute for Foregin Affarirs (MECEA),2014-08-03T00:00:00Z,,"Bejing, China",0,Y,Y,N,China
137,2014,L000576,Long,Billy,MO07,,9107054,https://disclosures-clerk.house.gov/public_disc/financial-pdfs/2014/9107054.pdf,Government of China (MECEA),2014-04-19T00:00:00Z,,"Beijing, China",0,Y,Y,N,China
138,2014,K000378,Kinzinger,Adam,IL16,,10008700,https://disclosures-clerk.house.gov/public_disc/financial-pdfs/2014/10008700.pdf,Republic of Korea MECA,2014-08-02T00:00:00Z,,Seoul,0,Y,Y,N,South Korea
139,2014,K000385,Kelly,Robin L.,IL02,,10008662,https://disclosures-clerk.house.gov/public_disc/financial-pdfs/2014/10008662.pdf,Embassy of Brazil (MECEA),2014-05-06T00:00:00Z,,Brasilia,0,Y,Y,N,Brazil
140,2014,J000126,Johnson,Eddie Bernice,TX30,,10006662,https://disclosures-clerk.house.gov/public_disc/financial-pdfs/2014/10006662.pdf,MECEA,2014-08-22T00:00:00Z,,"Abu Dabi, Cairo",0,Y,Y,N,MECEA
141,2014,F000462,Frankel,Lois,FL22,,10005577,https://disclosures-clerk.house.gov/public_disc/financial-pdfs/2014/10005577.pdf,MECEA British Embassy,2014-03-15T00:00:00Z,,"London, UK, Cambridge, UK",0,Y,Y,N,United Kingdom
142,2014,F000462,Frankel,Lois,FL22,,10005577,https://disclosures-clerk.house.gov/public_disc/financial-pdfs/2014/10005577.pdf,MECEA Republic of China,2014-08-03T00:00:00Z,,"Beijing, China, Shanghai, China, Guiyang, China",0,Y,Y,N,China
143,2014,F000455,Fudge,Marcia L.,OH11,,10005565,https://disclosures-clerk.house.gov/public_disc/financial-pdfs/2014/10005565.pdf,Embassy of Morocco (MECEA),2013-12-28T00:00:00Z,,"Rabat, Morocco",0,Y,Y,N,Morocco
144,2014,F000455,Fudge,Marcia L.,OH11,,10005565,https://disclosures-clerk.house.gov/public_disc/financial-pdfs/2014/10005565.pdf,Government of the Arab Emirates (UAE MECEA),2014-08-22T00:00:00Z,,Abu Dabi,0,Y,Y,N,UAE
145,2014,G000571,Gabbard,Tulsi,HI02,,10008429,https://disclosures-clerk.house.gov/public_disc/financial-pdfs/2014/10008429.pdf,Government of India,2014-12-14T00:00:00Z,,"New Delhi, India, Goa, India, Bangalore, India, Mumbai, India",10,Y,Y,N,India
146,2013,S001172,SMITH,ADRIAN,NE3,,10001570,https://disclosures-clerk.house.gov/public_disc/financial-pdfs/2013/10001570.pdf,Brazil Embassy (MECEA),2013-04-26T00:00:00Z,,Brazil,0,Y,Y,N,Brazil
147,2013,S001185,SEWELL,TERRI A.,AL7,,10004563,https://disclosures-clerk.house.gov/public_disc/financial-pdfs/2013/10004563.pdf,MECEA Trip to Morocco,2013-12-28T00:00:00Z,,"Rabat, Morocco",0,Y,Y,Y,Morocco
148,2013,R000592,ROKITA,TODD,IN4,,10014681,https://disclosures-clerk.house.gov/public_disc/financial-pdfs/2013/10014681.pdf,Republic of Turkey (MECEA Approved),2013-04-27T00:00:00Z,,"Istanbul, Ankara",0,Y,Y,N,Turkey
149,2013,R000170,REYES,SILVESTRE,TX16,,8209762,https://disclosures-clerk.house.gov/public_disc/financial-pdfs/2013/8209762.pdf,Canadian Embassy,2013-08-23T00:00:00Z,,Alberta,0,Y,Y,N,Canada
150,2013,R000053,RANGEL,CHARLES B.,NY15,,10003525,https://disclosures-clerk.house.gov/public_disc/financial-pdfs/2013/10003525.pdf,MECEA Trip to China,2013-08-03T00:00:00Z,,"Bejing, Shanghai, Hong Kong",0,Y,Y,N,China
151,2013,P000597,PINGREE,CHELLIE,ME1,,8216308,https://disclosures-clerk.house.gov/public_disc/financial-pdfs/2013/8216308.pdf,The Embassy of Turkey (MECEA),2013-04-27T00:00:00Z,,"Instanbul, Ankara",0,Y,Y,Y,Turkey
152,2013,P000149,PAYNE,DONALD M.,NJ10,,10003474,https://disclosures-clerk.house.gov/public_disc/financial-pdfs/2013/10003474.pdf,Government of China (MECEA),2013-08-03T00:00:00Z,,"Bejing, China",0,Y,Y,N,China
153,2013,P000149,PAYNE,DONALD M.,NJ10,,10003474,https://disclosures-clerk.house.gov/public_disc/financial-pdfs/2013/10003474.pdf,Government of Hong Kong (MECEA),2013-08-07T00:00:00Z,,"Hong Kong, Bejing, China",0,Y,Y,N,China
154,2013,N000181,NUNES,DEVIN,CA21,,10004300,https://disclosures-clerk.house.gov/public_disc/financial-pdfs/2013/10004300.pdf,Brazil Embassy (MECEA),2013-04-26T00:00:00Z,,"Recife, Brasilia, Sao Paulo, Brazil",0,Y,Y,N,Brazil
155,2013,M000933,MORAN,JAMES P.,VA8,,10001047,https://disclosures-clerk.house.gov/public_disc/financial-pdfs/2013/10001047.pdf,Embassy of Uzbekistan,2013-10-25T00:00:00Z,,"Tashkent, Uzebekistan",0,Y,Y,N,Uzbekistan
156,2013,M001150,MILLER,CANDICE S.,MI10,,10004778,https://disclosures-clerk.house.gov/public_disc/financial-pdfs/2013/10004778.pdf,Scottish Government (MECEA),2013-08-17T00:00:00Z,,"Heathrow/London, Glasgow, Scotland",0,Y,Y,Y,United Kingdom
157,2013,M000485,MCINTYRE,MIKE,NC7,,10003854,https://disclosures-clerk.house.gov/public_disc/financial-pdfs/2013/10003854.pdf,Scottish Government (MECEA),2013-08-17T00:00:00Z,,"Edinburgh,Glasgow Scotland",0,Y,Y,Y,United Kingdom
158,2013,L000571,LUMMIS,CYNTHIA M.,WYAt-Large,,9102915,https://disclosures-clerk.house.gov/public_disc/financial-pdfs/2013/9102915.pdf,Embassy of Norway,2013-02-19T00:00:00Z,,Osla,0,Y,Y,N,Norway
159,2013,L000551,LEE,BARBARA,CA9,,10002718,https://disclosures-clerk.house.gov/public_disc/financial-pdfs/2013/10002718.pdf,Kingdom of Morocco,2013-12-28T00:00:00Z,,"Rabat, Marrakesh, Casablanca Morrocco,",0,Y,Y,N,Morocco
160,2011,R000580,ROSKAM,PETER J.,IL6,,8202720,https://disclosures-clerk.house.gov/public_disc/financial-pdfs/2011/8202720.pdf,Government of South Korea (MECEA),2010-11-07T00:00:00Z,,"Seoul, South Korea",0,Y,Y,N,South Korea
161,2013,B001270,BASS,KAREN,CA33,,10028908,https://disclosures-clerk.house.gov/public_disc/financial-pdfs/2013/10028908.pdf,Government of Morocco,2013-12-28T00:00:00Z,,"Rabat, Morocco",0,Y,Y,N,Morocco
162,2013,B001245,BORDALLO,MADELEINE Z.,GUAt-Large,,10001246,https://disclosures-clerk.house.gov/public_disc/financial-pdfs/2013/10001246.pdf,Taipei Economic Cultural Office,2013-08-19T00:00:00Z,,"Taipei, Taiwan",0,Y,Y,N,Taiwan
163,2013,B001251,BUTTERFIELD,G. K.,NC1,,10000990,https://disclosures-clerk.house.gov/public_disc/financial-pdfs/2013/10000990.pdf,Government of Morocco,2013-12-28T00:00:00Z,,"Rabat, Marrakesh, Casablanca Morrocco,",0,Y,Y,N,Morocco
164,2013,C001072,CARSON,ANDR√â,IN7,,10003990,https://disclosures-clerk.house.gov/public_disc/financial-pdfs/2013/10003990.pdf,Government of Morocco,2013-12-28T00:00:00Z,,"Rabat, Marrakesh, Casablanca Morrocco,",0,Y,Y,N,Morocco
165,2013,C001072,CARSON,ANDR√â,IN7,,10003990,https://disclosures-clerk.house.gov/public_disc/financial-pdfs/2013/10003990.pdf,Government of the People's Republic of China,2013-08-02T00:00:00Z,,"Beijing, China, Shanghai, China, Hong Kong, China",0,Y,Y,N,China
166,2013,C001051,CARTER,JOHN R.,TX31,,10016833,https://disclosures-clerk.house.gov/public_disc/financial-pdfs/2013/10016833.pdf,Government of Taiwan,2013-10-30T00:00:00Z,,"Taipei, Taiwan",0,Y,Y,N,Taiwan
167,2013,C001080,CHU,JUDY,CA32,,10002119,https://disclosures-clerk.house.gov/public_disc/financial-pdfs/2013/10002119.pdf,Government of Taiwan,2013-08-19T00:00:00Z,,Taiwan,0,Y,Y,N,Taiwan
168,2013,C000984,CUMMINGS,ELIJAH E.,MD7,,10003437,https://disclosures-clerk.house.gov/public_disc/financial-pdfs/2013/10003437.pdf,Government of Morocco,2013-12-28T00:00:00Z,,"Rabat, Moracco",0,Y,Y,N,Morocco
169,2012,D000492,DREIER,DAVID,CA26,,8210240,https://disclosures-clerk.house.gov/public_disc/financial-pdfs/2013/8210240.pdf,Republic of Korea,2012-10-20T00:00:00Z,,"Seoul, South Korea",0,Y,Y,N,South Korea
170,2012,F000010,FALEOMAVAEGA,ENI F.H.,ASAt-Large,,8212051,https://disclosures-clerk.house.gov/public_disc/financial-pdfs/2013/8212051.pdf,Government of Taiwan,2012-02-17T00:00:00Z,,Taiwan,0,Y,Y,N,Taiwan
171,2012,F000010,FALEOMAVAEGA,ENI F.H.,ASAt-Large,,8212051,https://disclosures-clerk.house.gov/public_disc/financial-pdfs/2013/8212051.pdf,Bahrain (MECEA),2012-03-31T00:00:00Z,,Bahrain,0,Y,Y,N,Bahrain
172,2012,F000010,FALEOMAVAEGA,ENI F.H.,ASAt-Large,,8212051,https://disclosures-clerk.house.gov/public_disc/financial-pdfs/2013/8212051.pdf,Malaysia (MECEA),2012-04-03T00:00:00Z,,Malaysia,0,Y,Y,N,Malaysia
173,2012,F000010,FALEOMAVAEGA,ENI F.H.,ASAt-Large,,8212051,https://disclosures-clerk.house.gov/public_disc/financial-pdfs/2013/8212051.pdf,Kazakhstan (MECEA),2012-08-27T00:00:00Z,,Kazakhstan,0,Y,Y,N,Kazakhstan
174,2012,F000010,FALEOMAVAEGA,ENI F.H.,ASAt-Large,,8212051,https://disclosures-clerk.house.gov/public_disc/financial-pdfs/2013/8212051.pdf,Vietnam (MECEA),2012-05-15T00:00:00Z,,Vietnam,0,Y,Y,N,Vietnam
175,2013,F000450,FOXX,VIRGINIA,NC5,,10000806,https://disclosures-clerk.house.gov/public_disc/financial-pdfs/2013/10000806.pdf,Embassy of Turkey,2013-04-27T00:00:00Z,,"Istanbul, Ankara",0,Y,Y,N,Turkey
176,2013,F000455,FUDGE,MARCIA L.,OH11,,10001275,https://disclosures-clerk.house.gov/public_disc/financial-pdfs/2013/10001275.pdf,Government of Morocco,2013-12-28T00:00:00Z,,"Rabat, Moracco",0,Y,Y,N,Morocco
177,2013,F000455,FUDGE,MARCIA L.,OH11,,10001275,https://disclosures-clerk.house.gov/public_disc/financial-pdfs/2013/10001275.pdf,China,2013-08-03T00:00:00Z,,"Beijing, China",0,Y,Y,N,China
178,2013,K000378,KINZINGER,ADAM,IL11,,10004254,https://disclosures-clerk.house.gov/public_disc/financial-pdfs/2013/10004254.pdf,Government of Turkey,2013-04-27T00:00:00Z,,"Istanbul, Turkey",0,Y,Y,N,Turkey
179,2013,J000126,JOHNSON,EDDIE BERNICE,TX30,,10005139,https://disclosures-clerk.house.gov/public_disc/financial-pdfs/2013/10005139.pdf,Government of Morocco,2013-12-28T00:00:00Z,,"Rabat,Morocco",0,Y,Y,N,Morocco
180,2013,S001180,SCHRADER,KURT,OR5,,9103011,https://disclosures-clerk.house.gov/public_disc/financial-pdfs/2013/9103011.pdf,CPIFA (Chinese People's Institute of Foregin Affairs),2013-04-04T00:00:00Z,,"Bejing,Xi'An,Shanghai",0,Y,Y,N,China
181,2011,W000738,WOOLSEY,LYNN C.,CA6,,8205728,https://disclosures-clerk.house.gov/public_disc/financial-pdfs/2012/8205728.pdf,Embassy of Bahrain,2011-10-14T00:00:00Z,,Bahrain,0,Y,Y,N,Bahrain
182,2013,W000808,WILSON,FREDERICA S.,FL17,,10004500,https://disclosures-clerk.house.gov/public_disc/financial-pdfs/2013/10004500.pdf,Moroccan Government,2013-12-28T00:00:00Z,,"Rabat, Marrakesh, Casablanca",0,Y,Y,N,Morocco
183,2013,W000413,WHITFIELD,ED,KY1,,10008378,https://disclosures-clerk.house.gov/public_disc/financial-pdfs/2013/10008378.pdf,Turkish Government,2013-04-27T00:00:00Z,,"Istanbul, Turkey",0,Y,Y,N,Turkey
184,2011,R000585,REED,TOM,NY29,,8210418,https://disclosures-clerk.house.gov/public_disc/financial-pdfs/2012/8210418.pdf,Embassy of Taiwan,2011-10-14T00:00:00Z,,Taipai,0,Y,Y,N,Taiwan
185,2011,R000585,REED,TOM,NY29,,8210418,https://disclosures-clerk.house.gov/public_disc/financial-pdfs/2012/8210418.pdf,Embassy of Korea,2011-04-16T00:00:00Z,,Seoul,0,Y,Y,N,South Korea
186,2011,M000485,MCINTYRE,MIKE,NC7,,8205595,https://disclosures-clerk.house.gov/public_disc/financial-pdfs/2012/8205595.pdf,British Government,2011-06-04T00:00:00Z,,London,0,Y,Y,Y,United Kingdom
187,2011,M001158,MARCHANT,KENNY,TX24,,8206982,https://disclosures-clerk.house.gov/public_disc/financial-pdfs/2012/8206982.pdf,British Government,2011-06-04T00:00:00Z,,London,0,Y,Y,N,United Kingdom
188,2011,L000566,LATTA,ROBERT E.,OH5,,8205548,https://disclosures-clerk.house.gov/public_disc/financial-pdfs/2012/8205548.pdf,Embassy of Canada,2011-10-17T00:00:00Z,,Alberta,0,Y,Y,N,Canada
189,2011,L000557,LARSON,JOHN B.,CT1,,8205545,https://disclosures-clerk.house.gov/public_disc/financial-pdfs/2012/8205545.pdf,CPIFA (Chinese People's Institute of Foregin Affairs),2011-05-15T00:00:00Z,,"Beijing, China",0,Y,Y,N,China
190,2011,K000220,KINGSTON,JACK,GA1,,8206498,https://disclosures-clerk.house.gov/public_disc/financial-pdfs/2012/8206498.pdf,Sri Lanka-US Exchange Program (MECEA),2011-10-16T00:00:00Z,,"Kutamayake, Sri Lanka",1,Y,Y,N,Sri Lanka
191,2010,M000404,MCDERMOTT,JIM,WA7,,8202652,https://disclosures-clerk.house.gov/public_disc/financial-pdfs/2011/8202652.pdf,Tawian (MECEA),2010-11-07T00:00:00Z,,Taipei,0,Y,Y,N,Taiwan
192,2011,C001058,CHANDLER,BEN,KY6,,8205399,https://disclosures-clerk.house.gov/public_disc/financial-pdfs/2012/8205399.pdf,Sri Lanka-US Exchange Program (MECEA),2011-10-16T00:00:00Z,,"Kutamayake, Sri Lanka",0,Y,Y,N,Sri Lanka
193,2011,D000600,DIAZ-BALART,MARIO,FL21,,8205433,https://disclosures-clerk.house.gov/public_disc/financial-pdfs/2012/8205433.pdf,Taipei Economic and Cultural Representative Office,2011-05-15T00:00:00Z,,Taipei,0,Y,Y,N,Taiwan
194,2010,B001245,BORDALLO,MADELEINE Z.,GUAt-Large,,8201653,https://disclosures-clerk.house.gov/public_disc/financial-pdfs/2011/8201653.pdf,Government of Taiwan,2010-09-22T00:00:00Z,,Taiwan,0,Y,Y,N,Taiwan
195,2010,J000288,JOHNSON,"HENRY C. ""HANK""",GA4,,8203238,https://disclosures-clerk.house.gov/public_disc/financial-pdfs/2011/8203238.pdf,Government of Taiwan,2010-11-06T00:00:00Z,,"Taipei, Taiwan",0,Y,Y,N,Taiwan
196,2011,S000364,SHIMKUS,JOHN,IL19,,8205684,https://disclosures-clerk.house.gov/public_disc/financial-pdfs/2012/8205684.pdf,Government of Canada,2011-10-17T00:00:00Z,,Edmonton,0,Y,Y,N,Canada
197,2011,G000550,GINGREY,PHIL,GA11,,8213735,https://disclosures-clerk.house.gov/public_disc/financial-pdfs/2012/8213735.pdf,Republic of China (MECEA),2011-05-15T00:00:00Z,,Taipei & Kinmen,0,Y,Y,N,Taiwan
198,2011,H001034,HONDA,MICHAEL M.,CA15,,8205502,https://disclosures-clerk.house.gov/public_disc/financial-pdfs/2012/8205502.pdf,Government of China (MECEA),2011-08-28T00:00:00Z,,Beijing,0,Y,Y,N,China
199,2013,T000459,TERRY,LEE,NE2,,10004050,https://disclosures-clerk.house.gov/public_disc/financial-pdfs/2013/10004050.pdf,Turkish Government,2013-04-27T00:00:00Z,,Istanbul,0,Y,Y,N,Turkey
200,2009,B001245,BORDALLO,MADELEINE Z.,GUAt-Large,,8140104,https://disclosures-clerk.house.gov/public_disc/financial-pdfs/2009/8140104.pdf,Taipei Economic and Cultutral Representative Office,2009-03-20T00:00:00Z,,Taipei,0,Y,Y,N,Taiwan
201,2008,G000552,GOHMERT,LOUIE,TX1,,8140201,https://disclosures-clerk.house.gov/public_disc/financial-pdfs/2009/8140201.pdf,British Government,2008-03-18T00:00:00Z,,London,0,Y,Y,N,United Kingdom
202,2008,I000057,ISRAEL,STEVE,NY2,,8140232,https://disclosures-clerk.house.gov/public_disc/financial-pdfs/2009/8140232.pdf,Arab Republic of Egypt (MECEA),2008-01-02T00:00:00Z,,Cairo,0,Y,Y,N,Egypt
203,2008,S001164,SCHMIDT,JEAN,OH2,,8140578,https://disclosures-clerk.house.gov/public_disc/financial-pdfs/2009/8140578.pdf,Taipei Economic and Cultural Representative Office,2008-05-26T00:00:00Z,,"Taipei, Taiwan",0,Y,Y,N,Taiwan
204,2007,N000181,NUNES,DEVIN,CA21,,8135963,https://disclosures-clerk.house.gov/public_disc/financial-pdfs/2008/8135963.pdf,Taipei Economic and Cultural Representative Office,2007-03-30T00:00:00Z,,"Taipei, Taiwan",0,Y,Y,N,Taiwan
205,2008,R000571,REHBERG,DENNIS R.,MT1,,8138331,https://disclosures-clerk.house.gov/public_disc/financial-pdfs/2008/8138331.pdf,Embassy of Qatar,2008-03-31T00:00:00Z,,"Doha, Qatar",0,Y,Y,N,Qatar
206,2008,C001050,CARDOZA,DENNIS A.,CA18,,8135651,https://disclosures-clerk.house.gov/public_disc/financial-pdfs/2008/8135651.pdf,Government of Taiwan (MECEA),2008-03-30T00:00:00Z,,"Taipei, Taiwan",0,Y,Y,N,Taiwan
207,2013,J000288,JOHNSON,"HENRY C. ""HANK""",GA4,,8215512,https://disclosures-clerk.house.gov/public_disc/financial-pdfs/2013/8215512.pdf,Government of China,2013-08-02T00:00:00Z,,Beijing,0,Y,Y,N,China
208,2013,J000288,JOHNSON,"HENRY C. ""HANK""",GA4,,8215512,https://disclosures-clerk.house.gov/public_disc/financial-pdfs/2013/8215512.pdf,Government of Morocco,2013-12-28T00:00:00Z,,Rabat,0,Y,Y,N,Morocco
209,2013,M001158,MARCHANT,KENNY,TX24,,8216301,https://disclosures-clerk.house.gov/public_disc/financial-pdfs/2013/8216301.pdf,Government of Brazil,2013-04-26T00:00:00Z,,"Recife, Brasilia, Sao Paulo, Brazil",0,Y,Y,N,Brazil
210,2013,B001255,BOUSTANY,CHARLES W.,LA7,,8215270,https://disclosures-clerk.house.gov/public_disc/financial-pdfs/2013/8215270.pdf,Government of Brazil,2013-04-26T00:00:00Z,,"Recife, Brasilia, Sao Paulo, Brazil",0,Y,Y,N,Brazil
211,2017,T000477,Taylor,Scott,VA2,,9113069,https://disclosures-clerk.house.gov/public_disc/financial-pdfs/2017/9113069.pdf,Government of Qatar,2017-12-30T00:00:00Z,,"Doha, Qatar",0,Y,Y,N,Qatar
212,2013,F000010,FALEOMAVAEGA,ENI F.H.,ASAt-Large,,8215490,https://disclosures-clerk.house.gov/public_disc/financial-pdfs/2013/8215490.pdf,Government of Sri Lanka (MECEA),2014-02-14T00:00:00Z,,"Colombo, Sri Lanka",0,Y,Y,N,Sri Lanka
213,2013,F000010,FALEOMAVAEGA,ENI F.H.,ASAt-Large,,8215490,https://disclosures-clerk.house.gov/public_disc/financial-pdfs/2013/8215490.pdf,Government of Malaysia (MECEA),2014-08-20T00:00:00Z,,"Kuala Lumpar, Malaysia",0,Y,Y,N,Malaysia
214,2013,F000010,FALEOMAVAEGA,ENI F.H.,ASAt-Large,,8215490,https://disclosures-clerk.house.gov/public_disc/financial-pdfs/2013/8215490.pdf,Government of Uzbekistan (MECEA),2014-08-28T00:00:00Z,,"Tashkent, Uzebekistan",0,Y,Y,N,Uzbekistan
215,2013,F000010,FALEOMAVAEGA,ENI F.H.,ASAt-Large,,8215490,https://disclosures-clerk.house.gov/public_disc/financial-pdfs/2013/8215490.pdf,Government of Kazakhstan (MECEA),2014-08-31T00:00:00Z,,"Almaty, Kazakhstan",0,Y,Y,N,Kazakhstan
216,2013,P000265,PETRI,THOMAS E.,WI6,,8215985,https://disclosures-clerk.house.gov/public_disc/financial-pdfs/2013/8215985.pdf,British Embassy (MECEA),2013-01-26T00:00:00Z,,"London, Falkland Islands, Santiago, Chile",0,Y,Y,N,United Kingdom
217,2013,M001137,MEEKS,GREGORY W.,NY6,,8215983,https://disclosures-clerk.house.gov/public_disc/financial-pdfs/2013/8215983.pdf,Government of China (MECEA),2013-08-02T00:00:00Z,,"Bejing, Hong Kong, Shanghai",0,Y,Y,N,China
218,2013,M001137,MEEKS,GREGORY W.,NY6,,8215983,https://disclosures-clerk.house.gov/public_disc/financial-pdfs/2013/8215983.pdf,Government of Morocco (MECEA),2013-12-28T00:00:00Z,,"Rabat, Morocco",0,Y,Y,Y,Morocco
219,2013,M000404,MCDERMOTT,JIM,WA7,,8215678,https://disclosures-clerk.house.gov/public_disc/financial-pdfs/2013/8215678.pdf,Government of Norway,2013-08-03T00:00:00Z,,Oslo,0,Y,Y,N,Norway
220,2019,G000581,Gonzalez,Vicente,TX15,,8217497,https://disclosures-clerk.house.gov/public_disc/financial-pdfs/2019/8217497.pdf,Government of Morocco,2020-06-29T00:00:00Z,,Casablanca Rabat,0,Y,Y,Y,Morocco
221,2016,K000382,Kuster,Ann M.,NH02,,9111052,https://disclosures-clerk.house.gov/public_disc/financial-pdfs/2016/9111052.pdf,Government of China,2017-08-06T00:00:00Z,,Beijing China,0,Y,Y,N,China
222,2011,L000571,LUMMIS,CYNTHIA M.,WYAt-Large,,8205573,https://disclosures-clerk.house.gov/public_disc/financial-pdfs/2012/8205573.pdf,Embassy of Saudi Arabia,2012-03-17T00:00:00Z,,Riyadh,0,Y,Y,Y,Saudi Arabia
223,2011,O000169,OWENS,WILLIAM L.,NY23,,8205624,https://disclosures-clerk.house.gov/public_disc/financial-pdfs/2012/8205624.pdf,Government of Canada,2011-10-20T00:00:00Z,,Ottawa,0,Y,Y,N,Canada
